-- phpMyAdmin SQL Dump
-- version 5.2.1
-- https://www.phpmyadmin.net/
--
-- Host: 127.0.0.1
-- Generation Time: Jun 27, 2024 at 10:49 AM
-- Server version: 10.4.32-MariaDB
-- PHP Version: 8.2.12

SET SQL_MODE = "NO_AUTO_VALUE_ON_ZERO";
START TRANSACTION;
SET time_zone = "+00:00";


/*!40101 SET @OLD_CHARACTER_SET_CLIENT=@@CHARACTER_SET_CLIENT */;
/*!40101 SET @OLD_CHARACTER_SET_RESULTS=@@CHARACTER_SET_RESULTS */;
/*!40101 SET @OLD_COLLATION_CONNECTION=@@COLLATION_CONNECTION */;
/*!40101 SET NAMES utf8mb4 */;

--
-- Database: `elysia`
--

-- --------------------------------------------------------

--
-- Table structure for table `category`
--

CREATE TABLE `category` (
  `categoryID` char(1) NOT NULL,
  `categoryName` varchar(50) NOT NULL
) ENGINE=InnoDB DEFAULT CHARSET=utf8mb4 COLLATE=utf8mb4_general_ci;

--
-- Dumping data for table `category`
--

INSERT INTO `category` (`categoryID`, `categoryName`) VALUES
('A', 'Sheet Metal'),
('B', 'Major Asssemblies'),
('C', 'Light Components'),
('D', 'Accessories');

-- --------------------------------------------------------

--
-- Table structure for table `dealer`
--

CREATE TABLE `dealer` (
  `dealerID` char(7) NOT NULL,
  `dName` varchar(70) NOT NULL,
  `dCompany` varchar(255) NOT NULL,
  `dPhone` char(8) NOT NULL,
  `dEmail` varchar(255) NOT NULL,
  `dComAdd` varchar(255) NOT NULL,
  `dDelivAdd` varchar(255) DEFAULT NULL
) ENGINE=InnoDB DEFAULT CHARSET=utf8mb4 COLLATE=utf8mb4_general_ci;

--
-- Dumping data for table `dealer`
--

INSERT INTO `dealer` (`dealerID`, `dName`, `dCompany`, `dPhone`, `dEmail`, `dComAdd`, `dDelivAdd`) VALUES
('DL00001', 'Sandra LO', 'Robot Motor', '23234141', 'robotmator@gmail.com', 'G/F, Shing Tak Building, 16 Shing Tak Street, TO KWA WAN, KOWLOON', 'Flat D, 9/F, Ka Lai Mansion, Jade Field Garden, 15-19 Ngau Tau Kok Road, NGAU TAU KOK, KOWLOON'),
('DL00002', 'Micheal LEE', 'Automate Spare', '32563256', 'automatespare@gmail.com', 'G/F, Block C-D, Ka Ming Court, 688-690 Castle Peak Road, CHEUNG SHA WAN, KOWLOON', ''),
('DL00003', 'Oscar LEUNG', 'Fast Line Spares', '26263939', 'flspares@gmail.com', 'G/F, Cheong Hing Building, 32 Yan Hing Street, TAI PO, N.T.', ''),
('DL00004', 'Josie CHEUNG', 'Josie Car Spares', '27276969', 'josiecar@gmail.com', 'Flat B, G/F, Benefit Industrial Factory Building, 59-61 Wong Chuk Hang Road, WONG CHUK HANG, HONG KONG', ''),
('DL00005', 'Scott LI', 'Car Healthy Center', '28286060', 'carhealthy@gmail.com', 'Flat C, G/F, Des Voeux Building, 19-25 Des Voeux Road West, SAI YING PUN, HONG KONG', 'G/F, Hong Ming Building, 233 Des Voeux Road West, SAI YING PUN, HONG KONG');

-- --------------------------------------------------------

--
-- Table structure for table `dept`
--

CREATE TABLE `dept` (
  `deptID` char(2) NOT NULL,
  `deptName` varchar(255) NOT NULL
) ENGINE=InnoDB DEFAULT CHARSET=utf8mb4 COLLATE=utf8mb4_general_ci;

--
-- Dumping data for table `dept`
--

INSERT INTO `dept` (`deptID`, `deptName`) VALUES
('AC', 'Accountant'),
('GI', 'Goods Inward Department'),
('HR', 'Human Resources'),
('IS', 'Invoicing Section'),
('PD', 'Purchasing Department'),
('SD', 'Spares Dispatch Department'),
('SO', 'Sales Office'),
('SP', 'Spare Parts Store'),
('SR', 'Stock Record Clerk');

-- --------------------------------------------------------

--
-- Table structure for table `emp`
--

CREATE TABLE `emp` (
  `empID` char(6) NOT NULL,
  `empName` varchar(70) NOT NULL,
  `empGander` char(1) NOT NULL,
  `empPhone` char(8) NOT NULL,
  `empEmail` varchar(255) NOT NULL,
  `deptID` char(2) NOT NULL,
  `empPostion` varchar(50) NOT NULL,
  `empPasswd` varchar(16) NOT NULL,
  `empStatus` char(1) NOT NULL DEFAULT 'A'
) ENGINE=InnoDB DEFAULT CHARSET=utf8mb4 COLLATE=utf8mb4_general_ci;

--
-- Dumping data for table `emp`
--

INSERT INTO `emp` (`empID`, `empName`, `empGander`, `empPhone`, `empEmail`, `deptID`, `empPostion`, `empPasswd`, `empStatus`) VALUES
('E00001', 'Peter Chan', 'M', '23604141', 'e00001@lc.com', 'HR', 'Manager', '1234', 'A'),
('E00002', 'Betty Lam', 'F', '23605628', 'e00002@lc.com', 'SO', 'Crew', '1234', 'A'),
('E00003', 'Ben Lau', 'M', '23623622', 'e00003@lc.com', 'SP', 'Store Menager', '1234', 'A'),
('E00004', 'James Yeung', 'M', '23633388', 'e00004@lc.com', 'SD', 'Team Leader', '1234', 'A'),
('E00005', 'Richard Mak', 'M', '23645566', 'e00005@lc.com', 'IS', 'Clerk', '1234', 'A'),
('E00006', 'Jennifer Ma', 'F', '23659824', 'e00006@lc.com', 'SR', 'Clerk', '1234', 'A'),
('E00007', 'Joseph Wong', 'M', '23667788', 'e00007@lc.com', 'PD', 'Manager', '1234', 'A'),
('E00008', 'Daniel Tsui', 'M', '23679090', 'e00008@lc.com', 'GI', 'Crew', '1234', 'A'),
('E00009', 'Sandra Ip', 'F', '23687321', 'e00009@lc.com', 'AC', 'Accountant', '1234', 'A'),
('E00010', 'Mary Kwok', 'F', '23687332', 'e00010@lc.com', 'AC', 'Accountant', '1234', 'L');

-- --------------------------------------------------------

--
-- Table structure for table `invoice`
--

CREATE TABLE `invoice` (
  `orderID` char(10) NOT NULL,
  `invStatus` char(4) NOT NULL,
  `invoice` blob DEFAULT NULL,
  `signedInvoice` blob DEFAULT NULL
) ENGINE=InnoDB DEFAULT CHARSET=utf8mb4 COLLATE=utf8mb4_general_ci;

--
-- Dumping data for table `invoice`
--

INSERT INTO `invoice` (`orderID`, `invStatus`, `invoice`, `signedInvoice`) VALUES
('N000000002', 'Sign', 0x255044462d312e340a25e2e3cfd30a342030206f626a0a3c3c2f4c656e677468203838382f46696c7465722f466c6174654465636f64653e3e73747265616d0a789c8d56db6edb38107dd757cca30b3834afbaf4a9691d076d5c3b8db558142850b011636bd79612496e91bfefd096dbd8249308d083743867740e67867a88dee7918821a531e445c4382354c11997f6693411c0f0fd5d34989aa5a90af85c777503df06d30fdfdec0b4dc949d29e043bdb9d7d5e39bfcbfe8ac27a036fc228fbe587a868f1418c4141285c41b2466c0f88e78de14a6818fe3b760e347137e0066b4bfb80590eb8449a45ea6b1ee8cc3254662c429977e26ce4f98c646af91aad7e5b0ddd43fea6e6f859fd07ae9239ce98dfb6d0b5d158d86e9dccb1567d4cf75bdaa2b978c0b2e2493cccf959c9a3f36ebf2a7691ee1bc281ad3b60edf64ad3b180f211b4d8670855fa94bf8acabb6acaba15dfa945ded3664f049170626a5591770a9714baa213075c632982df51672bcafeaffe1a6d685c320771b31985d9eff0339de57f32bcc3aff773a9fcf5c45422544792a2aa485712b22af7fa17bec2877cfb4afa8c1f54ab706df9ec145d599e6be29f171f1b0d58d8179657c91fb0a1a38ebd13858acccb65ac2d7ade93c91fb52193876ece17ef707bd07f0fefceb8b86b8bb9c9bb55b285c085b2c411675da5e171b5dba3c2d16635bdfdd95b7e6dd7a436eeb4dcff880bdff1071f81451b88c2852feb27346a5312492240c640c8d89163dc418b52f8370aa88144198c7943019848590240de79634232a09c3a9243c0b9323712c7b080bc1232a04f7a202f04154003e880ac0075121b81715224762ecc6e74485e05e54003e880ac0075101f8202a04f7a21cf8e81852c2a688993a29f06bdd747810b91dc138255c8522ec507763388d4992796276a7d4d34e6759469214e79fd8b5fa97adaebab27bf450268ab0c4f7198df959d6dbf6292b4f99ede29ed449cad11f052a632fe4143225ca277d6cda7bddddae8e6696cc0867af50228520de1d68708c7896a343994ff862fba3ab3bbd76439424d47656b68ff833aece033f148c2b8213cf0d989abb0e8ada77d27396d92d76633c4395673bbf9da5d46379bc73f155b412db25f3e9e4827aa815b64f2c3dcbf19cf12ddf9b28139f899eaf619c132e3d0137e572f5928b4e50d84567e9332ebe86f6e0a2b3f679179de54f5c3c3efd8ec60ffe65287a7ab8e6b68ce1636736ed5b7f7562e7ff09fb9bd1e72727420453ec5acc9382638f294f06268629a5c4e783485390093bedc97259e96edbe0bfe977f7ea597e03e122c5ab0a656e6473747265616d0a656e646f626a0a362030206f626a0a3c3c2f547970652f506167652f4d65646961426f785b30203020353935203834325d2f5265736f75726365733c3c2f466f6e743c3c2f46312031203020522f46322032203020522f46332033203020523e3e3e3e2f436f6e74656e74732034203020522f506172656e742035203020523e3e0a656e646f626a0a312030206f626a0a3c3c2f547970652f466f6e742f537562747970652f54797065312f42617365466f6e742f54696d65732d426f6c642f456e636f64696e672f57696e416e7369456e636f64696e673e3e0a656e646f626a0a322030206f626a0a3c3c2f547970652f466f6e742f537562747970652f54797065312f42617365466f6e742f54696d65732d526f6d616e2f456e636f64696e672f57696e416e7369456e636f64696e673e3e0a656e646f626a0a332030206f626a0a3c3c2f547970652f466f6e742f537562747970652f54797065312f42617365466f6e742f48656c7665746963612d426f6c642f456e636f64696e672f57696e416e7369456e636f64696e673e3e0a656e646f626a0a352030206f626a0a3c3c2f547970652f50616765732f436f756e7420312f4b6964735b36203020525d3e3e0a656e646f626a0a372030206f626a0a3c3c2f547970652f436174616c6f672f50616765732035203020523e3e0a656e646f626a0a382030206f626a0a3c3c2f50726f647563657228695465787453686172709220352e352e31332e3320a9323030302d323032322069546578742047726f7570204e56205c284147504c2d76657273696f6e5c29292f4372656174696f6e4461746528443a32303234303630313139343533382b303827303027292f4d6f644461746528443a32303234303630313139343533382b303827303027293e3e0a656e646f626a0a787265660a3020390a303030303030303030302036353533352066200a30303030303031313030203030303030206e200a30303030303031313839203030303030206e200a30303030303031323739203030303030206e200a30303030303030303135203030303030206e200a30303030303031333732203030303030206e200a30303030303030393730203030303030206e200a30303030303031343233203030303030206e200a30303030303031343638203030303030206e200a747261696c65720a3c3c2f53697a6520392f526f6f742037203020522f496e666f2038203020522f4944205b3c61376263643231366230386436613536313337326333636130376665326536343e3c61376263643231366230386436613536313337326333636130376665326536343e5d3e3e0a2569546578742d352e352e31332e330a7374617274787265660a313633330a2525454f460a, 0x255044462d312e340a25e2e3cfd30a342030206f626a0a3c3c0a2f54797065202f466f6e740a2f53756274797065202f54797065310a2f42617365466f6e74202f54696d65732d426f6c640a2f456e636f64696e67202f57696e416e7369456e636f64696e670a3e3e0a656e646f626a0a352030206f626a0a3c3c0a2f54797065202f466f6e740a2f53756274797065202f54797065310a2f42617365466f6e74202f54696d65732d526f6d616e0a2f456e636f64696e67202f57696e416e7369456e636f64696e670a3e3e0a656e646f626a0a362030206f626a0a3c3c0a2f54797065202f466f6e740a2f53756274797065202f54797065310a2f42617365466f6e74202f48656c7665746963612d426f6c640a2f456e636f64696e67202f57696e416e7369456e636f64696e670a3e3e0a656e646f626a0a372030206f626a0a3c3c0a2f4c656e677468203838380a2f46696c746572202f466c6174654465636f64650a3e3e0a73747265616d0a789c8d56db6edb38107dd757cca30b3834afbaf4a9691d076d5c3b8db558142850b011636bd79612496e91bfefd096dbd8249308d083743867740e67867a88dee7918821a531e445c4382354c11997f6693411c0f0fd5d34989aa5a90af85c777503df06d30fdfdec0b4dc949d29e043bdb9d7d5e39bfcbfe8ac27a036fc228fbe587a868f1418c4141285c41b2466c0f88e78de14a6818fe3b760e347137e0066b4bfb80590eb8449a45ea6b1ee8cc3254662c429977e26ce4f98c646af91aad7e5b0ddd43fea6e6f859fd07ae9239ce98dfb6d0b5d158d86e9dccb1567d4cf75bdaa2b978c0b2e2493cccf959c9a3f36ebf2a7691ee1bc281ad3b60edf64ad3b180f211b4d8670855fa94bf8acabb6acaba15dfa945ded3664f049170626a5591770a9714baa213075c632982df51672bcafeaffe1a6d685c320771b31985d9eff0339de57f32bcc3aff773a9fcf5c45422544792a2aa485712b22af7fa17bec2877cfb4afa8c1f54ab706df9ec145d599e6be29f171f1b0d58d8179657c91fb0a1a38ebd13858acccb65ac2d7ade93c91fb52193876ece17ef707bd07f0fefceb8b86b8bb9c9bb55b285c085b2c411675da5e171b5dba3c2d16635bdfdd95b7e6dd7a436eeb4dcff880bdff1071f81451b88c2852feb27346a5312492240c640c8d89163dc418b52f8370aa88144198c7943019848590240de79634232a09c3a9243c0b9323712c7b080bc1232a04f7a202f04154003e880ac0075121b81715224762ecc6e74485e05e54003e880ac0075101f8202a04f7a21cf8e81852c2a688993a29f06bdd747810b91dc138255c8522ec507763388d4992796276a7d4d34e6759469214e79fd8b5fa97adaebab27bf450268ab0c4f7198df959d6dbf6292b4f99ede29ed449cad11f052a632fe4143225ca277d6cda7bddddae8e6696cc0867af50228520de1d68708c7896a343994ff862fba3ab3bbd76439424d47656b68ff833aece033f148c2b8213cf0d989abb0e8ada77d27396d92d76633c4395673bbf9da5d46379bc73f155b412db25f3e9e4827aa815b64f2c3dcbf19cf12ddf9b28139f899eaf619c132e3d0137e572f5928b4e50d84567e9332ebe86f6e0a2b3f679179de54f5c3c3efd8ec60ffe65287a7ab8e6b68ce1636736ed5b7f7562e7ff09fb9bd1e72727420453ec5acc9382638f294f06268629a5c4e783485390093bedc97259e96edbe0bfe977f7ea597e03e122c5ab0a656e6473747265616d0a656e646f626a0a382030206f626a0a3c3c0a2f54797065202f584f626a6563740a2f53756274797065202f496d6167650a2f5769647468203334330a2f4865696768742039300a2f42697473506572436f6d706f6e656e7420380a2f436f6c6f725370616365202f4465766963655247420a2f46696c746572202f466c6174654465636f64650a2f4c656e6774682039203020520a3e3e0a73747265616d0a789ced5d7f4c55e51bbf65d9faa149c542c949c4fc912c132a636eb9a661acc489a98d45ce22cc40c74236749233a3204b6d2c6b38fff047ca57e72fc6584696a28638321035fc1165a9b880b468b13927dfcf78e6b377e79c7beeb9e79e7bcf059ecf1f4eafe7bce739ef797ebfcffbbcdddd02814020100804028140201008040281402010080402814020100804028140201008040281402010080402814020100804028140201008040281401014dcb871e3ca952b97bca0ababcb6d0205028163f8e79f7f8e1e3d5a5a5a9a91913176ecd8e8e8e8010306782c202a2a2a212161c18205e5e5e5bffffe3bf486dbaf22e84d00e39d3871e27fb70026fcebafbfdc26ca18208c2d605b5bdbcd9b37dda62850e0152e5ebc5856563665ca94071f7cd08abc5bc13df7dc3375ea542884ab57afbafd8a82f0c5b56bd78a8b8b6362620cb908bfe37f718ddb6476fff7df7f504d606930b686c83beeb863d4a851f9f9f9a74e9dea5db60fd43636366665653dfcf0c386f33f68d0a0912347ce9e3dfbedb7df868a20fd0c5dcd3a10ba9a7ec4ffe29ae9d3a78f18310213a29fa21933669c3c79b20f284c818300076ed8b0212222c2a741012bae5fbfde2df982f897949458a11380e70c52718b2ba45a477b7b3bb42ba8d5d00f3700828c4000920edfccdee0f8528805366edc3873e64c7c3b1e1c31055401fecbd97711f452c03f7ce5955754d98125ddbf7fbf6a6256ac58c11e02f867eedcb99d9d9d21a6b3a5a5e599679e613a41cfc2850b61f89a9b9b89c8ad5bb7e6e6e6227056a3663806d5d5d5e169f57ef9e517cca46aacf177bc234c796b6babe38fbb7efd7a4d4d4d4a4a0a3f31323272efdebde139398290011a00b127b1446c6cecae5dbbbc5979fcbe6fdf3e5c431767666682a982411278f2f8f1e3070f1e5429a9abab1b366c183d7ac284090d0d0d26ac8b978263f3d8638fb164e5e5e585954b80a82a3b3b5b157f282bd01c1ad50ae503378054256858b56a555fd2038874e6cc9903467df3cd37c5d5f1094831649998302d2dada3a3c3e72d972f5f9e346912f9039f7ffeb9e324e10b42c669fccaca4afaf1d75f7f1d33668ca727bbb566cd1a8bc108de0e26957d60783be1901303f15bb66c81096605e54a848ec7c1717ae081078886d5ab5787f2e9c103ec949a5401db8079dc262aac011340e6c02f0161911c3d7af4850b179c220646302727878d233e657d7d7d774f1e60dab469a401b66ddbe6afb0a841043c6177f500d4ecac59b368ce292a875176919ec3870f93c8f06cf76afcf1c71ff1f1f1a4d6a2a2a2689edf79e79dbee4e7388ba6a62672b0c78d1b77e5ca15bfeeddb87123cdf0a64d9b1c2106ee3d7d3e4f4fee11de7b7b7b3bfdd7575f7d45cf5aba74a9bdaf09d19b3c7972b0a3189f008bb23ac2ccc3668503736edfbe9d1659a09ddc9a19a750585848c6022f857779e38d37f0cfb8b838ccbcdba48523c07e8b162da2190337fa7b3b6615738bdbd3d3d303e464dcbe7bf76ef24b81d4d454358e83e14e4a4ac2ef501181e4ca407042420273482004db03bb4fd623afd08085059fe0d8b1636e93631f600fb223accdc057301f77dd75970d0eef0f8017fae8a38fdad6ff5d5d5d2fbdf4126e7ffef9e76daf5e75f76880cf3efb8c2c9161bc7ff0e0c1fbeebb0fff8bcb6c3f8570f4e851727d6d783e0182b3afe0c9acacacb04a51762b93fcc9279fb84d8b7d90c708e02ff4cba953a7860e1d8af75ab76e9dbbb485272053981c7cfa6fbffdd6de08191919012a015503403c0dd5f5ca952b1d34521f7df411d9e2c0558a75a8d957178311135cba74895652f04ddda6c526c04b73e7ced538fffc5ef8eeee92178680d842783139f0b4ed25ca30e708040254021c8dc6c6c6fef8e38ffa0b202f3367cec40508a51da95b8603003720f0e0c22f40b9d16bc2190887e5093d981f7aaf12007b50be050cc36ab60f28b7e081dda4c2c2427b2318ceb95fa8afafe7bc341c75c36b9839117a38b5338e5c20388d08181d19d01cfc0ac3860d6b6a6a0ac1136d80bf66ef1596e3c78f3ff4d0437805b88efca32801136cdab409331348c20441044591f61c2d8e91cdd374c1604e4e86c07b0c4172beaaaa0af31cc8d24608c0c2929393e3362d36b167cf1e4d6d49b7280153e05b6366200bf6964e588461c44f9c38616304aa4f008a8b8b4d44e3cf3fff7ce289279cfd881c6260648cefd4b0de40536d7ba24203b82bc9c9c950c8a1f18e8201caf6c019804bc03fb2122828287091b630c4bffffe4b226c2f9c8710cd9f3f9f16ee5f7df5551bb1c0d9b367478c1881db274d9a641e23b32f0d8241b6bf0ff28675ebd661cc8888086f618853f8fbefbf9f7beeb9c0d75042801b376e805ab7a9b00f4a5343e421f8fca32406bda1b5b575e4c891b6cd6b59591969007b412ed7270c1e3cf8c08103e617b3d506c10ee6f17845cca94a276f10773434f0b6607decd831aa3f1125a0c1f9f3e7870f1fae49a1580779f2d000d5d5d5366e6737c0627d022d113a5bef812088d202f666c03ac4128506ec316ad2d4f0f468d7f99e3d7b5c242f0cc1ead15e65084c79474787edc56e8add20d455555556ae67abed6005b861aa016ff4e9a79feedcb9d3c1f41d2b81606b9b7e0e6f1e17650bc13fe022b7680b4fc0a452be3af4ea916b80add727f02d0e2eb1e997c5a1010a0b0be1e1381b773073065e5c2d308137654b1667e8d0a1a74e9d728bb6f004a9475794c0912347060f1eec6fc11e6f569a366d9a2305b79a7c2334c0bbefbe4b8f484e4e763083c739d850d626f54370dd8b26eca23d11a15906ea5d7051099066f6b70698b712434e8b8a8a02ef6cc64a007ffef6db6f696969342193264dba7cf97280836b40af0ccaa1ca9c1d59c0304c00b20676b0d2accfc02d2510480d306fc18334c16f0fb0fc9e95003867c89021341b53a74e0dc6ce3edeaf8d40a3a5a5c5f1f105dd8a12d8b16307ffc8e95f2912d0c32d25c0e9383869366ee73d80d003b366cd0a446059091082da7cece6cd9bc5c5c5146b04c3d310742b4a4065694e29ab9a4140704b0970e0667bbf2af40077388c8c8c5cb3668d8d8e7c9ade9e2168ee71f5ead59494147adca851a3825da1d40f61a804a8244c53432820b8a504583307f25c58d2d4d45436e21111115959593ffdf493cf00a1b5b5b5acac2c3131516d440c8f2234c728a8fd9ca17fb2b3b3b96f922070e89500ef72756aff691f835b4a809e1b78b1ee8d1b3776edda0593ea5140678e6464642c5bb68c0f4edab469534e4ecef4e9d3a3a2a23c4608650f0d841bcb972f670f047f79edb5d76a6b6b7bd70929e1097d629063cfd06c13eb7530f49d4200dabae8547b10c84e4545c50b2fbca03f61c7047488d2175f7ce18a1aeceee9a53c71e244d51b193468d09c397340495b5b5b8889e933d02b81905586f752b8a504ecad0ffa4457571782fadcdcdc848404c393fbe0064c99320511624b4b0b190567bb15f90bd0d0d0d0a09e00a22a043a4214ac7be2c489be71b46208a02fcff6592654595919191909efb1b1b1318494860b580984b8f15a9094801ed7af5f6fed8161a280a345db3ba99d426767677979b9e1898a1acd101b1b9b949494999989e806fa818f20946897a0e98780c8ebc5175ff478dfbcc92b4d1ebb3b617b3bdcda5a8500dc45fbcbe04625e1b3bd17a1cdb973e7a0934dd21716b5446969e9d75f7f0da1e857a906cd661068489271c3c6599a05e2e1c3879f3f7f3ee424bb0cb7b6b65162d07525c02b9561db450786092e0a64990e17462c0319f757390c1830202626262b2babbababacf5b3acd2e426ea26bb86f887a3d810fdf7fff7d5cd33f1b92bba5041085513721b50154e841f9494fef4c192196696b6be353c8494bcc9b372f212101d18db7b002bfe39a109fca77eddab5952b5782bc9a9a9a603f8b8b51a10aae5cb942b180e1e22037254614f0c30f3fb8921c0b07b8a504dcca45a8601ee8ab3bcbd88b28282818376e9c9a7b842a282e2eb6e815b4b6b66edcb811228c1063d9b2653ffffcb35f294af5a4152bdd63eca1b3b313f20b8faea8a868d6ac599e9eda6c3e8bd03016e060f0e9a79f4e4f4fa7ed6cf87be62d6cdebcd95eed2826b6aeae0e738541306fe5e5e5a13fb6db3adc5202dcd1c8453f9cbb8cc25884db0920c10038130a2139399917257d1e7ca05fc424c4c7c77ff7dd77561eaa9e734d305cacc72fb5b5b52fbffc32821d08a65fc7c743bef2f3f3f9a859d2ea9e9e001f3e0f699e23478ee86fd424040c317efc78bf32c660a4929212ea5ea271c0162d5a14545580d7814fb875ebd6c58b1773de188a115e9f7952c8dbbecb60c3a9438b02011f6b18cac3475c07840bf691f631999c25ad9e05e32dacb0123ef329b710016f5bc6a08856ac58a13a2ad61d06f54847424c4c0c9d4288e70e1c38d09cc72035f091f45a4e857567554f8c064eed7f57d1dede0ea70e6f6df25ccc2d5e1397f1cab80a17dd725a2574abf52eaf1cc11970f72c6057c0eb6286fbebd58d4eb0b0cb972fe7060860b9f7de7b0f1a403de1cb1bd8d79a3061026ea466cb9afe9feab330ec534f3d45dac0ca6a9d1a6860d80d1b3650771aee2446b0a2e469b94add5c00fb181d1dedb1dc13522506ef5b535343f4c30a1f3a74283131d113c0f93e86805f01d56abea6ac07d5c8a995ea3b76ecf0e83ab487060e1e2c68037c0440ff3cab1aaf8c17f778a9dcdebd7b37b116ccc7d9b367f5b73736367ef3cd373e85942c32e699f6ee91dad7280144016486e8e42926cc675b27b5b3446e6eae6a6179e3b0c7daaa1f978ba82ad1afc6b0d4a79d6c2e444cef7e43602b2a2aa0287c0e6511aad78119183b76ec071f7c007baafa3c941482682f5cb8302e2e4e757840674a4a4a434303debda0a0c0e35266cc467b31a7c0c160981f01105490fef7e8f2e1b01130649e809b1e9c397386bac8f2f7256653a59b4f82534f9e32d4151aa8fe833eb3c1dddd2d7a14d012b42355cd57f8d51372eddab5444c5151512036052ad74ade55e375902cfb1c1c5f01ce12d4056b03fc65fcf8f1f49a6e05e6b486cb962264e01e65f0a6faa11b40f0b6778ccff3356c7f041b07c9f5d99c077207c71e83df76db6dbcfcaa39b5961bce6b52135694c0ce9d3b6fbffd76b2ddfa3d986cd9adf4b005a913274ed490daad9c65e63352deb76f1fb1d3e38f3f6eb82114ef6ba5ea9b1aee794b63aa04cf9f3fdf1340539dd3a74fe35b68e288bcbc3c7fc77104172e5c183d7ab4c7c2c9230e02d68d162660a70c7ddd7e02aa91d044829cb085081b6e62a2449fcf0417d8f8eebbefc63843860ca1ecbafed4da03070ed0aa9ca6e13ca50e4cb6fde2d1cf3efb2cb12e7c60fd05f034e2e3e33dd6aad1e00ade7ffffd2aa9048ba52ca09cbd8e254b96e82fc09820c6671e15e3c069f1785fcb5009a67c0efc96404abfa0af20f8bcaa82379d316346880b4808dc76cffc0c32a78049a3456493c4787f00b39c2612e473280cdb70711d8eb999e64906837dfffdf7f4a3a6ab33743e34bf47d738daca09d790a63befbcd3d3530778eedc39fd05bceee3f15506c62908a82c8d4764b1b29d89b9f7de7b9b9b9bf51770eecb7c018e55a2cff8c5c1927b3e235bcd1564676787a6b106832350bc546d6d6d509fa50692168f3be9abe055214d8d04e7d50d03342ecb37df6fc5aca5f23357e65043396860fa101ad1f079d89cbab89f9898a83f2e8dd77d08e63d04781ef4be0d6530ccd51d73afa7a7cac8f0ec366a6a649e5be024a74f37a0fb5654157883143521b379f3e6d4d454d69c9191915bb66c7176cb49676767494989b792515eae8251a8abab73f0b92ac009706569f969cc98310ee6697b1db880479f8d316f32c34b2a266688e54263e2d5b2340e03c1846045f576fd31101a70e181376f8189a43fe3e2e2bce92bf6580ccb120c0f3454018e2a2a2a626d63488caa914c5619fc4a5269522bf68077cfcccc249718534aaf535d5dadf6e7c1773c79f2a4ed47183ece64d167f5ead5249ee01c9f9ad006a0d3e003d023d4447458018a3d04e959b5b9993eaf6ea20458644cdc6c30d2d2a54b0de33b2e4b03cbf135fadc232b01c3235ad85e90e7ac1704be1d4a66cd9a3514d47bab6760d19b3f7fbede2da4730a4c94c0f6eddbc9e1a126d58652c94ebe89ede6c3f82cda26222c90cdef504d34889e07f0777c5978021c1de0a3079828503d7093b33c34d529ebd7af77d015418003e5498387ad0620171aef9e979717bc88aca1a1813266e46feb93b11c0ee88b3798e74ddc6cbe463f383bde1f7ffc31f1bca1d4981c93cdeb62102bcac5e9c58aa20cb26e9c1e347c10eb136fa2671e7af3edf873ead4a91ea333653425d38643f1359837cc9efe417a507c613ba9058966aa5252520c13f2e0c0ecec6cb5fd1d3eb7bd9a3a289cdcdc5c923e9f5a4e35d64e252a351e0e95a304386690a0e6b2c00fb367cfe692b3c08179805f8729e5cf0a67c0f0ebb3e0508d1fff7ef8f06116194ae86972387844797939a59a71657d7dbd6664f231060e1c48590593c53b32529a221fae8d211fe3c30f3ff4e84a97593099786f6967b001150698881e27f4e0b768d41d77ba2649a4956e8d63c3d616bfa7a5a59102d4e4f33b3a3a488178f3460cc1759818b3a2a2c2ca2d4c12e681be11a80231e67b19c033ea4e13aa2f3a74e89075038d1138676231d8c754efdebd9ba68b1e8a9941fc68f1899aa160f5d45780f60be73eff9858f0b3a6632a5874f2e4c9d0fc67ce9cb1a110a83f09bebb3a2c78a0a4a4c464342af323518237dbdcdc0c4d4e9c833f4124bbb889898954a6028963c3e18d33b9368960b2698bf5e1bc79f3c0a55d5d5d102e7650c97de56532b016dc57bc262491384775f638f7859944fc8ed1a0fabefcf24bbad27c4d8a230bbeb7bbc77043ffb01cd1ed2c9554620d63b76bd72eaa1306a001701745523c94e6737bd3c9dec01e97151901852d2d2d4b962ce139049d6bd7aeb522cbb4b14bb3898cda7ac32e782b17c107820953a50f96c5af724438006a23718c036e8495b1384bb065901a0ddb5b7c65d74175e6862d073db71a247257b1fdfbf75f5240bb86f13b3813e10f8262cdea0ffeb960c102935c3741bfef8fa791b2886aeca681c921f5e45d13cccbc3d494bb0a3c91cda5371af4965ded1ea6c25b7daf957bf5b76b622506fbdb6a8d9fe6a57c5a643d34dbbb30485c5c1c7466595919b7d72e2d2d85c24c4a4a52f757daf3b1f59e24033c496dac087ac6b3bde6487a92a357c6238f3c929e9e8e3705b783e789f931bd7035f145f4fdb8400c44a63776f5a796833367ce54bfa03d50613914a3f57980cb842fae8a9826510c49cccfcf5759c2277721406081f2b98519eebac6298215dbb66d9b6ab531025c1a757e708be10667c8b266b49898188ba7cc40a7d18e4b15fa07612890c7a6d6d3a333c193aab763f85281acc4a9ceb64f401620a1a74f9fb6f72c0258088ca4161e9b00ec019608f089e666d11cd1d1d19aad52bd14e02ef8b4959595262d94f5a04ec5b805ac6e7bc5a1adad0dca160af6e2c58b86f2022f74d5aa5590684cb5958a77f04341410182052b6c0ff1d9bb776f4e0faaaaaabc799ef81da1c1ce9d3b1111980ccb5d3e162f5eec6f8f3552c8d45305c4604ebcdd8edf9b9a9a6085a1760c09a6960ef45298d8c0db0b60ce31f398d5279f7c52ef8a805bc006f85fbcbbb35531706f40ff5b6fbd0585a0f2249403440fc6cbf13e2a984fb0c1ebafbf0e056ea282408ca69d789f047715e3c66200be083c22fc028dd12b021f413040bce1adb7769f018b002262303fc5057dfead05028140201008040281402010080402814020100804028140201008040281402010080402814020100804028140201008040281402010080402814020100804024150f17f967fa4f50a656e6473747265616d0a656e646f626a0a392030206f626a0a353730320a656e646f626a0a31312030206f626a0a3c3c0a2f4c656e67746820320a3e3e0a73747265616d0a710a0a656e6473747265616d0a656e646f626a0a31302030206f626a0a3c3c0a2f46696c746572202f466c6174654465636f64650a2f4c656e677468203132203020520a3e3e0a73747265616d0a789c0be42a04424303430503203432d33305324d4c2cf54c144ccccdf40c2d159273b9f4230c145cf2b902811000e6ca09900a656e6473747265616d0a656e646f626a0a31322030206f626a0a35300a656e646f626a0a332030206f626a0a3c3c0a2f54797065202f506167650a2f4d65646961426f78205b30203020353935203834325d0a2f5265736f7572636573203c3c0a2f466f6e74203c3c0a2f46312034203020520a2f46322035203020520a2f46332036203020520a3e3e0a2f584f626a656374203c3c0a2f58302038203020520a3e3e0a3e3e0a2f436f6e74656e7473205b313120302052203720302052203130203020525d0a2f506172656e742032203020520a3e3e0a656e646f626a0a322030206f626a0a3c3c0a2f54797065202f50616765730a2f4b696473205b33203020525d0a2f436f756e7420310a3e3e0a656e646f626a0a312030206f626a0a3c3c0a2f54797065202f436174616c6f670a2f50616765732032203020520a3e3e0a656e646f626a0a31332030206f626a0a3c3c0a2f4372656174696f6e446174652028443a32303234303630313139343533382b303827303027290a2f4d6f64446174652028443a32303234303630313131353130315a290a2f50726f64756365722028332d486569676874735c3232322050444620546f6f6c626f782041504920362e31322e302e36205c28687474703a2f2f7777772e7064662d746f6f6c732e636f6d5c29290a3e3e0a656e646f626a0a787265660a302031340a3030303030303030303020363535333520660d0a30303030303037363037203030303030206e0d0a30303030303037353530203030303030206e0d0a30303030303037333633203030303030206e0d0a30303030303030303135203030303030206e0d0a30303030303030313133203030303030206e0d0a30303030303030323132203030303030206e0d0a30303030303030333134203030303030206e0d0a30303030303031323734203030303030206e0d0a30303030303037313436203030303030206e0d0a30303030303037323138203030303030206e0d0a30303030303037313636203030303030206e0d0a30303030303037333434203030303030206e0d0a30303030303037363536203030303030206e0d0a747261696c65720a3c3c0a2f53697a652031340a2f526f6f742031203020520a2f496e666f203133203020520a2f4944205b3c43413936334344354338444130303441384642373934394339383946363531463e203c37383642304242363046454138343837363441324136364437344239304244383e5d0a3e3e0a7374617274787265660a373832370a2525454f460a),
('N000000003', 'Sign', 0x255044462d312e340a25e2e3cfd30a342030206f626a0a3c3c2f4c656e67746820313130302f46696c7465722f466c6174654465636f64653e3e73747265616d0a789c8d57ef4fdb4810fd9ebf623fa65258f6a7ededa70201ca5d4ae825550fa9d2c94796c4a7c406db69c57f7fb3f60691ec2c0d4808fbcd3cef7b339e5d3f0fcee70399908c2564be1870c129d3e4442877757a250987fb8f83e1c42e6db9205faab6aac98fe1e4e2c707322936456b17e4a2da3ce5e5cb87f97f83134fc05cfae57cf0d5d173b864849384915403f1068839e1a2239ed60b5b939bf147e2f24fafc40eb865fe473a00b80e986486328df3d6065cdc9caa53c184c2a98438a01adb7c0d5c5e58407795372da82f2d993de5b56d7056e728c67a9b6fc2154e9b87bc2693cb6fb7d7285b6218ce76b7aaca904e242291461a9c2b3d2cc2d8ae8b9fb67e21678b05e86902beebd3ab11b958d9aa5c92cf05fc39df16eb05fc3372816fb9755796a114e43e2ffbd8595b5bdb8ec8fcec86dc4d47e496ce69b830a953aa9106892d890bb7a679f50b4ce07bcbf04c7d830cef567963e1ee09b92c5b5b3fd5055cce9eb75038322d2d96d9f7c330881f1143662bbb054df75bdb22997dcd877f55f90221f6451cfe39fd3e994e6fc9f9d9fd88f88b982161b1e6761dd65b4829e037caa20fdf96cb4d5e843c0df454533d3e160ff6d37a431faa8d677c8657f97920c81f0346ae070c287fb9b19130415245534e54426a3b98798873e66e46e14c5325a3b04818e52a0a4ba968167fb66286ea340e678a0a13274f884e320f4985888ac2bda818ec45c5602f2a067b5151b81715250762b8f39ea818ec4545e09da808bc13158177a262b01715230762c6de151583bda808bc13158177a222f04e540cf6a262e409f463f29ea828dc8b8ac15e540cf6a262b01715857b5121bcb7ff6bd9bdb6921f8ca2bbbc6ee10410ce2e2e18153a96e1f6d13047b084a606c9e98e076f67323786a61949b8e986f2d76d5eb645fb8250a69af2145b466d7f16d5b679cb2a32eee6ad270d1e2ac01f8059fa9b674a95518d491fdbe6296f1f567bbb8b3254f023942829295a811a063e120e0e194cf86cfb6f5bb5f93a4cd18abaf732d37dc6ebc672ee4e72022fb1e148c2051c872ecb251cb2f66a26130adee954f67b3bf40172fa12bceb8190543024d8b88a84b148a84c12e7f371bc4aa6d448243833c8b14c43db260a89e6a9c91076efb3e687b6399f35e6b3e88c0b123edb7cb12e96ab76af8b5d59527045f61df50887feb96dd639f93bee7640fd8edb412cea76d7d547c5eecc0e62b5c910f378d6997d0c3318cd8098a707a1e36843438f2824c135f4b7d9f9becb59e732eb8a3ebc58e5f5b21f17870ecbcee18093ebb8c541306ab1ec2c3e8e5829d6991c44eb046b68d3791c04678a456d5699c46c463edb38341dcc8d30c1d9fcbda82d9c631bc46b95f2a3bc0e8905b6ecdeeb30383e3cc258d4eabe9f9155bc333cc268aecc2bfbfe097e6f63862f25250fbf81e76ec0939bd66e9a8f589b777be26bda9b2f11cc262ea894d18774db0ff21010ebdc0d9ea1f8484a46b182c82c23d2e8c3fdaa589679bbade143f99ff0c7b3fc0f2b9eb44d0a656e6473747265616d0a656e646f626a0a362030206f626a0a3c3c2f547970652f506167652f4d65646961426f785b30203020353935203834325d2f5265736f75726365733c3c2f466f6e743c3c2f46312031203020522f46322032203020522f46332033203020523e3e3e3e2f436f6e74656e74732034203020522f506172656e742035203020523e3e0a656e646f626a0a312030206f626a0a3c3c2f547970652f466f6e742f537562747970652f54797065312f42617365466f6e742f54696d65732d426f6c642f456e636f64696e672f57696e416e7369456e636f64696e673e3e0a656e646f626a0a322030206f626a0a3c3c2f547970652f466f6e742f537562747970652f54797065312f42617365466f6e742f54696d65732d526f6d616e2f456e636f64696e672f57696e416e7369456e636f64696e673e3e0a656e646f626a0a332030206f626a0a3c3c2f547970652f466f6e742f537562747970652f54797065312f42617365466f6e742f48656c7665746963612d426f6c642f456e636f64696e672f57696e416e7369456e636f64696e673e3e0a656e646f626a0a352030206f626a0a3c3c2f547970652f50616765732f436f756e7420312f4b6964735b36203020525d3e3e0a656e646f626a0a372030206f626a0a3c3c2f547970652f436174616c6f672f50616765732035203020523e3e0a656e646f626a0a382030206f626a0a3c3c2f50726f647563657228695465787453686172709220352e352e31332e3320a9323030302d323032322069546578742047726f7570204e56205c284147504c2d76657273696f6e5c29292f4372656174696f6e4461746528443a32303234303630313139343534332b303827303027292f4d6f644461746528443a32303234303630313139343534332b303827303027293e3e0a656e646f626a0a787265660a3020390a303030303030303030302036353533352066200a30303030303031333133203030303030206e200a30303030303031343032203030303030206e200a30303030303031343932203030303030206e200a30303030303030303135203030303030206e200a30303030303031353835203030303030206e200a30303030303031313833203030303030206e200a30303030303031363336203030303030206e200a30303030303031363831203030303030206e200a747261696c65720a3c3c2f53697a6520392f526f6f742037203020522f496e666f2038203020522f4944205b3c61616138396138363863343263643833623562653430376435663435653761383e3c61616138396138363863343263643833623562653430376435663435653761383e5d3e3e0a2569546578742d352e352e31332e330a7374617274787265660a313834360a2525454f460a, 0x255044462d312e340a25e2e3cfd30a342030206f626a0a3c3c0a2f54797065202f466f6e740a2f53756274797065202f54797065310a2f42617365466f6e74202f54696d65732d426f6c640a2f456e636f64696e67202f57696e416e7369456e636f64696e670a3e3e0a656e646f626a0a352030206f626a0a3c3c0a2f54797065202f466f6e740a2f53756274797065202f54797065310a2f42617365466f6e74202f54696d65732d526f6d616e0a2f456e636f64696e67202f57696e416e7369456e636f64696e670a3e3e0a656e646f626a0a362030206f626a0a3c3c0a2f54797065202f466f6e740a2f53756274797065202f54797065310a2f42617365466f6e74202f48656c7665746963612d426f6c640a2f456e636f64696e67202f57696e416e7369456e636f64696e670a3e3e0a656e646f626a0a372030206f626a0a3c3c0a2f4c656e67746820313130300a2f46696c746572202f466c6174654465636f64650a3e3e0a73747265616d0a789c8d57ef4fdb4810fd9ebf623fa65258f6a7ededa70201ca5d4ae825550fa9d2c94796c4a7c406db69c57f7fb3f60691ec2c0d4808fbcd3cef7b339e5d3f0fcee70399908c2564be1870c129d3e4442877757a250987fb8f83e1c42e6db9205faab6aac98fe1e4e2c707322936456b17e4a2da3ce5e5cb87f97f83134fc05cfae57cf0d5d173b864849384915403f1068839e1a2239ed60b5b939bf147e2f24fafc40eb865fe473a00b80e986486328df3d6065cdc9caa53c184c2a98438a01adb7c0d5c5e58407795372da82f2d993de5b56d7056e728c67a9b6fc2154e9b87bc2693cb6fb7d7285b6218ce76b7aaca904e242291461a9c2b3d2cc2d8ae8b9fb67e21678b05e86902beebd3ab11b958d9aa5c92cf05fc39df16eb05fc3372816fb9755796a114e43e2ffbd8595b5bdb8ec8fcec86dc4d47e496ce69b830a953aa9106892d890bb7a679f50b4ce07bcbf04c7d830cef567963e1ee09b92c5b5b3fd5055cce9eb75038322d2d96d9f7c330881f1143662bbb054df75bdb22997dcd877f55f90221f6451cfe39fd3e994e6fc9f9d9fd88f88b982161b1e6761dd65b4829e037caa20fdf96cb4d5e843c0df454533d3e160ff6d37a431faa8d677c8657f97920c81f0346ae070c287fb9b19130415245534e54426a3b98798873e66e46e14c5325a3b04818e52a0a4ba968167fb66286ea340e678a0a13274f884e320f4985888ac2bda818ec45c5602f2a067b5151b81715250762b8f39ea818ec4545e09da808bc13158177a262b01715230762c6de151583bda808bc13158177a222f04e540cf6a262e409f463f29ea828dc8b8ac15e540cf6a262b01715857b5121bcb7ff6bd9bdb6921f8ca2bbbc6ee10410ce2e2e18153a96e1f6d13047b084a606c9e98e076f67323786a61949b8e986f2d76d5eb645fb8250a69af2145b466d7f16d5b679cb2a32eee6ad270d1e2ac01f8059fa9b674a95518d491fdbe6296f1f567bbb8b3254f023942829295a811a063e120e0e194cf86cfb6f5bb5f93a4cd18abaf732d37dc6ebc672ee4e72022fb1e148c2051c872ecb251cb2f66a26130adee954f67b3bf40172fa12bceb8190543024d8b88a84b148a84c12e7f371bc4aa6d448243833c8b14c43db260a89e6a9c91076efb3e687b6399f35e6b3e88c0b123edb7cb12e96ab76af8b5d59527045f61df50887feb96dd639f93bee7640fd8edb412cea76d7d547c5eecc0e62b5c910f378d6997d0c3318cd8098a707a1e36843438f2824c135f4b7d9f9becb59e732eb8a3ebc58e5f5b21f17870ecbcee18093ebb8c541306ab1ec2c3e8e5829d6991c44eb046b68d3791c04678a456d5699c46c463edb38341dcc8d30c1d9fcbda82d9c631bc46b95f2a3bc0e8905b6ecdeeb30383e3cc258d4eabe9f9155bc333cc268aecc2bfbfe097e6f63862f25250fbf81e76ec0939bd66e9a8f589b777be26bda9b2f11cc262ea894d18774db0ff21010ebdc0d9ea1f8484a46b182c82c23d2e8c3fdaa589679bbade143f99ff0c7b3fc0f2b9eb44d0a656e6473747265616d0a656e646f626a0a382030206f626a0a3c3c0a2f54797065202f584f626a6563740a2f53756274797065202f496d6167650a2f5769647468203231350a2f4865696768742037320a2f42697473506572436f6d706f6e656e7420380a2f436f6c6f725370616365202f4465766963655247420a2f46696c746572202f466c6174654465636f64650a2f4c656e6774682039203020520a3e3e0a73747265616d0a789ced9d794855db17c785a4205e8152645a58165a144dd24491a4429aa94d3652413459220d04191984488a510a0d90481894a658261286cd7391d260085286591acd130921f9bebfceefb759ac7deeb9e79c3bc66f7ffef2ddcedd779db3d75ed35efbbc9e1e8542a15028140a8542a15028140a8542a15028140a8542a15028140a8542a15028140a8542a1502814467cfefcf9d7af5fbe9642f17f4a7777775e5e5e6060e0d8b1639f3d7be66b71acf1e5cb97828282c993276fd8b0a1bebe5eada3bf91dfbf7f43037bf5ea15f087e9d3a7c324fa5a2853fcfcf91392f7ebd72f8080ffdcb1630734d3d7d2292c505151d1b76f5f3189414141f7eeddf3b5504e80fa1516160e1c3830c001a1a1a1b08abe1653610ae8dba04183e8f4050707dfb973c7d77219d1dcdc3c75ea5447ea27c07df9ff6a527cf8f081cd2626eed6ad5bbe96cb888b172fb255630042dcf6f6765f8bac700842c1ddbb77d329435878e4c8115fcbe510085c56564623078da8a8a8cacacaaeae2e5cd3d6d6b67cf97211df82ecec6c5f0bae70c8b56bd7faf7ef4f6773ddba757e9b5a42034b4a4a640d5cb972e5f7efdfe995b805dc0835869d9d9dbe125b6100f2df989898bfc57341038b8a8a9806c2dc6ddcb85177d53c79f244b86c5c76ead429efcbac704a414101f559985fc45abe164a1f5d1b68a0813d7f72e784840471f19a356b308897c55618d3d2d2121e1e4ee714c1a1df4ed3ddbb7791b0332fec3472d8b56b97b878ca94299f3e7df29ac00aa760eed6ae5d4b27140932d2645fcba5cfdbb76fc78f1fcf34303131d169397dfffefde2fa0103063436367a455e8529583ee2e78e3833339369607c7cbc990d1daa84f0ddb5b5b59e9757610a044bc9c9c9744e0d222b9f23e7ef8822104b98f92e554270e0c0014f4bab30098c1e8df02323235b5b5b7d2d943edfbe7d9b3d7b365524485e515161f2ebd03afa5d84881e955661129633c249959696fa5a288740369abf83dcdc5cf3d953757535fdeeaa55ab3c2aadc224cc0cfa73b78cbc9f18131363495aa684494949da968ac28720f05bb66c193583fe5cc2856cd40c2232447c686904a684f0ecf0ef1e92566192e7cf9f0f1d3a544c8a3f976560f160a5a90a2d5ab4c86af674f4e8511795b0b3b3f3f8f1e3a9a9a910e6d0a143aa41d1754a4a4aa819f4e746850b172ef4e9d387aa10525dab83b0ecd8bc1222ec7cf4e8d18c193358441a1a1a7afffe7deb77a3f82face48bbff189af85d287850d36a2410d642274109389c9ab57af162c58c0d44f307af4e8972f5f5a95c4df407e7aecd8b1aaaa2a2fef91d110cbcfcd20ed3d08b0150d82af5fbfce9a358bea8fd3124d7777777171313b2920939696663e30f8f4e9d39b376fdebf7fefca7443b09a9a1a58e6c03fc4c6c6ba5255c322d2cc9197d5805566fcbcb5a9a8a8c8f6a40b58000c4e9e3c69707d4747474a4a8aac7223468c4018535858483f815e19ff3a2ec8caca1a366c98f8565454d4952b57acde458f831e72186493157b06dbb18d8f8ffff1e3878d716c70fbf66dbaef8059f6ceefda8015a81119223eb4314e6d6d2d75a9c1c1c10f1e3c7074717d7d3de23d59fdcacaca608570417676b64925d43d78a561e3ac81410f79444444434383a5d1001e026d05b191eed9038e60f3e6cde277870f1ffee2c50b2ffcae3dd87ab15dc9a42d3406e3e8b6290e1c38106653cc4e5b5bdba851a3c4bfc2cbc3d7ebfe287e223131515767342c8594959595c6b101f4d3d2a63fd304dd1a9d66c3c78c1903259f3469525d5d9df9f10d686f6f1f3972a4f86988e1b72d5b3d524a6bcf68cbfb7dba1dfeeca0ab362f9b366da2a518f90484a3d644d6cead8d0617dfd8d8b877ef5e634964640d8c8e8e466c0c5346bd33ae292f2f3739a1303e3041e2bbac5ca06bc3dd15b9d194044606a6c6f5313d44575757525292780283070fb6770c9f391d580c243bf265e7ce9da336107fa7a7a7632ec40572332d423b5d2728eb33550fdc05ee45fbdc4c18269f7fa44718584b3cc4c35235a387b470cad2bda6a626ddd38b6ee93e826c58b98e94dfdf6046dbf6461b2b532f5bb64c8e7c58cd0a4f1b5ac4a6f2f1e3c754190cf698d87e287394f07188244d4e01fc35bc36955f6edf657554332dbb6c812351d5961b46cecfcfd7f5fb212121b09c070f1e341ed929ac15ca9f53929e3f53499f2d74c9c620ec693baaf030bfafdba78d4fe03d35fb66709a006b076e4b0c25b7fa5cbf7efd9f7ffed1fe15c9a9b1fc1919195430dde649d6da61c6c5eb1ebac1c88b172f66baa7bdbfc25dbb69acea6bdbbb79071636db9696fa3e909c9c4c3dac06cb350c4e78c160c6c5c5c16e5cbd7ad5512808e51443e95ad4e2e26236fb8e60165557b0d6d6d6c8c848bacacc845834c1d7223d6820349c692022cfe6e666a7a39987c5e77e9e92bc7bf76edcb871425adb91032d333a3283487ec5352e369633b5d1355cc2c31a6f54b1c621dd920ed379930f0ace1a2e5b7c050a296b606060200ca0bc605d8406de7007972e5d72eff8ee054b9ee66ef67a50d9bad38d06b11257ac5821aec9ccccb4bd3699f586da3c7cf850f74a64dc88f00d0a8c182a3737570ce5a8d593bd3508e4e4e4389593666a1012e101d3c08888087bb574639082d11f9a3871a2dff6cc68d0c00991a13deb44ed526868e8d3a74fe56ba8a2dafe210d56f4b0d1652160a93ad24979f9c85933a8aeae763a38f5c5b8f7e5cb97d311162e5cf8f1e347db921bc06c822bcfc73bd06e7cccac8d63f898b5b4b4343188a343acb462e0629c4c5dbf2b3d21cc11eb9eb990b3e600673b411aac2fae77efdeb48b00fae9b94d13b6795a5959e9a11f7217b4e9c55e71861a13e32aaba89d868585d95642bacc5d3c2841b35ddda17435d0a412b24c4d801f4200a0ed4b7a081a7bfb795edc23050f3602425a2771da1f428b84f0daf60af874725dd90c65964a4ee7716b34ad6038352f5413a8067ad4066ad06609ff3f5ec15263ab769b6d9999691a479a2642d07efdfa1516165ab509b4474237033209dbd262e9bce8bc12e04eb76fdf2efe332323c3787cf6a2033188a735902580fe7fda91a6c6665c0c856d99c123c32f3bfd16ab51e0eb88072c35f08b72b7c9d33a4d4d4d5959592c41665d765018aa1b2d2d2dcc0b6b2520dae6611c78c87d9501a6df1ee022749fe8af78f900ad219869d8a3b0aa856e5ea98bbc5f009b63be4f4f5818635f0c035b5252828b718348c69991a7eac4cace0d0d0d111111543cd18443df6060bc04e4be4aaf3587532574fb6b58f004f2f3f383828210d5c38bb9a5bc49eb3306bd5232ac6a61f52c3f84dfba752bdd02331f228a4ccaa02b8f1d16606ac6ca8cc2a7e3731873f60e282c10aa3c7443d620fc603ba1f22af01c5409ad1a166330c52c489e3b77aeeb4d11f478a6f9765fe6ad2cbd9f418019afa9a9898a8a12e360f6f189d32f0a25643e54007da3bdb2f28e1e8d8445fb2e42822d5bb6040606d2878c67ce6a56ec2d3dd1d1d170f7b20c393939741c6f9e34b7d4b6611edd1764b9e5fc325542932792e4aa852b7b1fdfbf7f9f376f9e18ca60ef432094508ecae4e32a784ac82698aec28cc3a1681760155cbe7c19b7203e11cc993347b798ccaa8bd05bcc353d9aca7a3902bcdbc1826722f6b8dda884ac454a60afdd856255093b3a3ad86b665d0fb6a13967ce9c11cedd917d13d07617280342388c80477df6ec59d8252a1bf4eaf0e1c3f20281d6c96f3fa64075112d18043c72e61240da6e5985d0cb4df5b48eea462564af18d270cb4b862d29a1ac812c5eb207ec466969a9f81fa3386a8515b06e1647c89e542077805310159c3e7ddaa96d87183367cea45f14312ac23ffab9973b58a81d76a3fecb1e1016c02d9d3f3431993f7fbe81099283524be99e76a6293c3c1c89676a6aeaba3f20520a090991d5c0a985975fd924c0e73366cc387ffebc811dd33de1a27d17e90c921a9337050b7cf3e6cdf5ebd78f1933262121e1d1a347dae7b467d2274df5478e1c11cf079ec56a0efbfefdfbf2f27264c1ecc5f88836b76ddb060b80e586e8dd5d9b3e2c442f2b2b93afc19421d763c7e22c15557a1cf40038d222a7b12e16cbbe7dfb5812a17d77e9d2a566c203dc1446107a883fe0089062b8c56451776fefe4ac8bb0a8157feb664f02dcf5ebd7afa1785850e2c0ac376b8cb4dcc7ced54236089f9292c2cc0e9c325cb3d51fd23de0296b91f97787c2ab42b7cffc0ffc6d35fec10f218c47dee7f69d5c0cbb73e7ced8d8585fbd3882ad7a2cd8c4c4c41b376e886214cc1d16cb9e3d7ba64d9ba61b2163b2bcf6aa67c853505020ac0ae4898b8b83af5cb264c99021436425494f4f6756da3c06effa800070a38efaa81536707a76d5c014580a4bdc02e6fdc489134e0546ee8058cb4525c1d7115e56555569e60b99116c85276c91a2c79cf761ea075370f7ee5d5f9902c4d5f4dc102528280811947a45dbdf080c1ae252397e66848585656565b5b5b5f95adeffc448304d48f42012d23ae441ab57afaeababf3db17bc2b4c02edcacbcb9b30618208ff60f430cbf1f1f1f8fcd9b367ca1329140a8577f8171f5842960a656e6473747265616d0a656e646f626a0a392030206f626a0a333330380a656e646f626a0a31312030206f626a0a3c3c0a2f4c656e67746820320a3e3e0a73747265616d0a710a0a656e6473747265616d0a656e646f626a0a31302030206f626a0a3c3c0a2f46696c746572202f466c6174654465636f64650a2f4c656e677468203132203020520a3e3e0a73747265616d0a789c0be42a04424b230503203436d0b330b054303135d133315730b634d5b3b45448cee5d28f305070c9e70a044200e98c09aa0a656e6473747265616d0a656e646f626a0a31322030206f626a0a35310a656e646f626a0a332030206f626a0a3c3c0a2f54797065202f506167650a2f4d65646961426f78205b30203020353935203834325d0a2f5265736f7572636573203c3c0a2f466f6e74203c3c0a2f46312034203020520a2f46322035203020520a2f46332036203020520a3e3e0a2f584f626a656374203c3c0a2f58302038203020520a3e3e0a3e3e0a2f436f6e74656e7473205b313120302052203720302052203130203020525d0a2f506172656e742032203020520a3e3e0a656e646f626a0a322030206f626a0a3c3c0a2f54797065202f50616765730a2f4b696473205b33203020525d0a2f436f756e7420310a3e3e0a656e646f626a0a312030206f626a0a3c3c0a2f54797065202f436174616c6f670a2f50616765732032203020520a3e3e0a656e646f626a0a31332030206f626a0a3c3c0a2f4372656174696f6e446174652028443a32303234303630313139343534332b303827303027290a2f4d6f64446174652028443a32303234303630313131353234395a290a2f50726f64756365722028332d486569676874735c3232322050444620546f6f6c626f782041504920362e31322e302e36205c28687474703a2f2f7777772e7064662d746f6f6c732e636f6d5c29290a3e3e0a656e646f626a0a787265660a302031340a3030303030303030303020363535333520660d0a30303030303035343237203030303030206e0d0a30303030303035333730203030303030206e0d0a30303030303035313833203030303030206e0d0a30303030303030303135203030303030206e0d0a30303030303030313133203030303030206e0d0a30303030303030323132203030303030206e0d0a30303030303030333134203030303030206e0d0a30303030303031343837203030303030206e0d0a30303030303034393635203030303030206e0d0a30303030303035303337203030303030206e0d0a30303030303034393835203030303030206e0d0a30303030303035313634203030303030206e0d0a30303030303035343736203030303030206e0d0a747261696c65720a3c3c0a2f53697a652031340a2f526f6f742031203020520a2f496e666f203133203020520a2f4944205b3c41463839323537464343373442414336324245423432423845334142434137463e203c31354634453035374145343032393936333446393542313631353546334332303e5d0a3e3e0a7374617274787265660a353634370a2525454f460a);

-- --------------------------------------------------------

--
-- Table structure for table `inwardsorder`
--

CREATE TABLE `inwardsorder` (
  `inwardsID` char(10) NOT NULL,
  `supplierID` char(6) NOT NULL,
  `inwardsDate` date DEFAULT curdate()
) ENGINE=InnoDB DEFAULT CHARSET=utf8mb4 COLLATE=utf8mb4_general_ci;

--
-- Dumping data for table `inwardsorder`
--

INSERT INTO `inwardsorder` (`inwardsID`, `supplierID`, `inwardsDate`) VALUES
('G000000101', 'S40100', '2023-10-21'),
('G159357462', 'S02030', '2023-04-01'),
('G231021410', 'S04009', '2024-05-20'),
('G426813975', 'S01021', '2023-12-21');

-- --------------------------------------------------------

--
-- Table structure for table `inwardspart`
--

CREATE TABLE `inwardspart` (
  `inwardsID` char(10) NOT NULL,
  `partID` char(6) NOT NULL,
  `iwQty` int(9) NOT NULL
) ENGINE=InnoDB DEFAULT CHARSET=utf8mb4 COLLATE=utf8mb4_general_ci;

--
-- Dumping data for table `inwardspart`
--

INSERT INTO `inwardspart` (`inwardsID`, `partID`, `iwQty`) VALUES
('G000000101', 'A00004', 350),
('G000000101', 'B00004', 1350),
('G000000101', 'D00004', 1690),
('G159357462', 'A00003', 125),
('G159357462', 'B00003', 320),
('G159357462', 'C00003', 650),
('G159357462', 'D00003', 890),
('G231021410', 'B00001', 300),
('G231021410', 'C00001', 550),
('G426813975', 'A00002', 35),
('G426813975', 'C00002', 950),
('G426813975', 'D00002', 1650);

-- --------------------------------------------------------

--
-- Table structure for table `log`
--

CREATE TABLE `log` (
  `logID` char(16) NOT NULL,
  `empID` char(6) NOT NULL,
  `partID` char(6) NOT NULL,
  `logChanges` int(12) NOT NULL,
  `logDes` varchar(255) DEFAULT NULL
) ENGINE=InnoDB DEFAULT CHARSET=utf8mb4 COLLATE=utf8mb4_general_ci;

--
-- Dumping data for table `log`
--

INSERT INTO `log` (`logID`, `empID`, `partID`, `logChanges`, `logDes`) VALUES
('2023040113284327', 'E00008', 'A00003', 125, 'Goods Inward'),
('2023040114012659', 'E00008', 'B00003', 320, 'Goods Inward'),
('2023040115221903', 'E00008', 'C00003', 985, 'Goods Inward'),
('2023040115330013', 'E00008', 'D00003', 890, 'Goods Inward'),
('2023040116205803', 'E00008', 'C00003', 650, 'Goods Inward'),
('2023102109482106', 'E00008', 'A00004', 350, 'Goods Inward'),
('2023102110032055', 'E00008', 'B00004', 1350, 'Goods Inward'),
('2023102110390348', 'E00008', 'D00004', 1690, 'Goods Inward'),
('2023102113150007', 'E00008', 'D00004', 15736, 'Goods Inward'),
('2023122110236501', 'E00008', 'B00002', 4562, 'Goods Inward'),
('2023122116032032', 'E00008', 'A00002', 35, 'Goods Inward'),
('2023122116333025', 'E00008', 'C00002', 950, 'Goods Inward'),
('2023122117482054', 'E00008', 'D00002', 1650, 'Goods Inward'),
('2024030317202101', 'E00004', 'A00002', -3, 'Despatched'),
('2024030317505303', 'E00004', 'A00003', -3, 'Despatched'),
('2024042009000605', 'E00004', 'B00002', -20, 'Despatched'),
('2024042012035005', 'E00004', 'D00002', -150, 'Despatched'),
('2024042013160205', 'E00004', 'D00004', -50, 'Despatched'),
('2024042213520601', 'E00006', 'C00002', -5, 'Scrap item'),
('2024050110265504', 'E00006', 'B00005', -7, 'Scrap item'),
('2024050316235209', 'E00006', 'D00001', -2, 'Scrap item'),
('2024050317223526', 'E00006', 'D00002', -1, 'Scrap item'),
('2024050515260701', 'E00006', 'A00002', -3, 'Scrap item'),
('2024050709382202', 'E00006', 'B00004', -5, 'Scrap item'),
('2024051915231030', 'E00004', 'B00003', -15, 'Despatched'),
('2024052010230915', 'E00004', 'B00005', -15, 'Despatched'),
('2024052010281623', 'E00008', 'B00001', 300, 'Goods Inward'),
('2024052010321860', 'E00008', 'C00001', 550, 'Goods Inward');

-- --------------------------------------------------------

--
-- Table structure for table `order`
--

CREATE TABLE `order` (
  `orderID` char(10) NOT NULL,
  `dealerID` char(7) NOT NULL,
  `orderStatus` varchar(10) NOT NULL DEFAULT 'Processing',
  `fromOrder` char(10) DEFAULT NULL,
  `orderDate` date NOT NULL DEFAULT current_timestamp()
) ENGINE=InnoDB DEFAULT CHARSET=utf8mb4 COLLATE=utf8mb4_general_ci;

--
-- Dumping data for table `order`
--

INSERT INTO `order` (`orderID`, `dealerID`, `orderStatus`, `fromOrder`, `orderDate`) VALUES
('N000000001', 'DL00002', 'Cancelled', NULL, '2023-10-12'),
('N000000002', 'DL00001', 'Despatched', NULL, '2024-03-03'),
('N000000003', 'DL00003', 'Despatched', NULL, '2024-04-19'),
('N000000004', 'DL00004', 'Assembled', NULL, '2024-05-19'),
('N000000005', 'DL00002', 'Processing', NULL, '2024-05-21'),
('O000000001', 'DL00003', 'OStanding', 'N000000003', '2024-04-22');

-- --------------------------------------------------------

--
-- Table structure for table `orderpart`
--

CREATE TABLE `orderpart` (
  `orderID` char(10) NOT NULL,
  `partID` char(6) NOT NULL,
  `orderQty` int(8) NOT NULL,
  `OSQty` int(8) NOT NULL DEFAULT 0,
  `actDespQty` int(8) DEFAULT NULL,
  `opStatus` varchar(10) NOT NULL,
  `addToOrder` char(10) DEFAULT NULL
) ENGINE=InnoDB DEFAULT CHARSET=utf8mb4 COLLATE=utf8mb4_general_ci;

--
-- Dumping data for table `orderpart`
--

INSERT INTO `orderpart` (`orderID`, `partID`, `orderQty`, `OSQty`, `actDespQty`, `opStatus`, `addToOrder`) VALUES
('N000000001', 'A00001', 5, 0, NULL, 'Cancelled', NULL),
('N000000001', 'C00001', 50, 0, NULL, 'Cancelled', NULL),
('N000000001', 'C00003', 10, 0, NULL, 'Cancelled', NULL),
('N000000002', 'A00002', 3, 0, 3, 'Assembled', NULL),
('N000000002', 'A00003', 3, 0, 3, 'Assembled', NULL),
('N000000003', 'B00002', 20, 0, 20, 'Assembled', NULL),
('N000000003', 'C00005', 20, 20, 0, 'Assembled', NULL),
('N000000003', 'D00002', 150, 0, 150, 'Assembled', NULL),
('N000000003', 'D00004', 200, 150, 50, 'Assembled', NULL),
('N000000004', 'B00003', 15, 0, 15, 'Assembled', NULL),
('N000000004', 'B00005', 15, 0, 15, 'Assembled', NULL),
('N000000005', 'A00001', 3, 0, NULL, 'Processing', NULL),
('N000000005', 'B00004', 12, 0, NULL, 'Processing', NULL),
('N000000005', 'D00002', 75, 0, NULL, 'Processing', NULL),
('O000000001', 'C00005', 20, 0, NULL, 'OStanding', NULL),
('O000000001', 'D00004', 150, 0, NULL, 'OStanding', NULL);

-- --------------------------------------------------------

--
-- Table structure for table `part`
--

CREATE TABLE `part` (
  `partID` char(6) NOT NULL,
  `categoryID` char(1) NOT NULL,
  `partName` varchar(255) NOT NULL,
  `price` float NOT NULL,
  `partQty` int(12) NOT NULL,
  `partStatus` varchar(20) NOT NULL
) ENGINE=InnoDB DEFAULT CHARSET=utf8mb4 COLLATE=utf8mb4_general_ci;

--
-- Dumping data for table `part`
--

INSERT INTO `part` (`partID`, `categoryID`, `partName`, `price`, `partQty`, `partStatus`) VALUES
('A00001', 'A', 'Panel', 12000, 47968, 'Reorder'),
('A00002', 'A', 'Left door', 2300, 136279, 'Normal'),
('A00003', 'A', 'Right door', 2300, 26940, 'Danger'),
('A00004', 'A', 'Engine Cover', 1690, 0, 'Out-of-stock'),
('A00005', 'A', 'Trunk Lids', 3780, 186414, 'Reorder'),
('B00001', 'B', 'AC Components', 4688, 774867, 'Normal'),
('B00002', 'B', 'Car Engine Parts', 899, 5112, 'Danger'),
('B00003', 'B', 'Autoline Parts', 679, 94937, 'Normal'),
('B00004', 'B', 'Calipers and Brackets', 599, 52300, 'Normal'),
('B00005', 'B', 'Air Compressor', 3760, 365877, 'Normal'),
('C00001', 'C', 'LED Bulb', 250, 60822, 'Normal'),
('C00002', 'C', 'Tail Light', 350, 46790, 'Reorder'),
('C00003', 'C', 'Headlight', 299, 184805, 'Normal'),
('C00004', 'C', 'Dome Light', 286, 59269, 'Normal'),
('C00005', 'C', 'Headlights for Tesla X', 598, 0, 'Out-of-stock'),
('D00001', 'D', 'Car Tire Pressure Alarm', 150, 45678, 'Reorder'),
('D00002', 'D', 'Car USB Charger', 56, 87643, 'Normal'),
('D00003', 'D', 'Full Car Cover', 128, 2345, 'Danger'),
('D00004', 'D', 'Car Wireless Charger', 299, 680532, 'Normal'),
('D00005', 'D', 'Phone Mount', 129, 134867, 'Normal');

-- --------------------------------------------------------

--
-- Table structure for table `supplier`
--

CREATE TABLE `supplier` (
  `supplierID` char(6) NOT NULL,
  `sComName` varchar(255) NOT NULL,
  `sAdd` varchar(255) NOT NULL
) ENGINE=InnoDB DEFAULT CHARSET=utf8mb4 COLLATE=utf8mb4_general_ci;

--
-- Dumping data for table `supplier`
--

INSERT INTO `supplier` (`supplierID`, `sComName`, `sAdd`) VALUES
('S00009', 'Circa', 'Borgo Conte 156, Piano 3, Borgo Gilda, ME 91892'),
('S01021', 'Halo', 'Municipio Lorena Loya s/n., Cdiz, Ext 61610'),
('S02030', 'Unipart', '873 Romaguera Via, Youlandashire, CT 50712-7438'),
('S04009', 'Sequre', '68951 Reynolds Port, Lake Odiliaville, AZ 80397'),
('S21021', 'Parto', 'Suite 310 95483 Luetta Loop, East Brain, NV 67509-8114'),
('S40100', 'Devo', '502 Tobi Pines, New Kyoko, ME 22038');

-- --------------------------------------------------------

--
-- Table structure for table `supplierpart`
--

CREATE TABLE `supplierpart` (
  `supplierID` char(6) NOT NULL,
  `partID` char(6) NOT NULL,
  `purPrice` float NOT NULL
) ENGINE=InnoDB DEFAULT CHARSET=utf8mb4 COLLATE=utf8mb4_general_ci;

--
-- Dumping data for table `supplierpart`
--

INSERT INTO `supplierpart` (`supplierID`, `partID`, `purPrice`) VALUES
('S01021', 'A00002', 1840),
('S01021', 'B00002', 710),
('S01021', 'C00002', 280),
('S01021', 'D00002', 40),
('S02030', 'A00003', 1840),
('S02030', 'B00003', 540),
('S02030', 'C00003', 235),
('S02030', 'D00003', 100),
('S04009', 'A00001', 9600),
('S04009', 'B00001', 3750),
('S04009', 'C00001', 200),
('S04009', 'D00001', 100),
('S21021', 'A00005', 3024),
('S21021', 'B00005', 3008),
('S21021', 'C00005', 478),
('S21021', 'D00005', 103),
('S40100', 'A00004', 1352),
('S40100', 'B00004', 475),
('S40100', 'C00004', 227),
('S40100', 'D00004', 235);

--
-- Indexes for dumped tables
--

--
-- Indexes for table `category`
--
ALTER TABLE `category`
  ADD PRIMARY KEY (`categoryID`);

--
-- Indexes for table `dealer`
--
ALTER TABLE `dealer`
  ADD PRIMARY KEY (`dealerID`);

--
-- Indexes for table `dept`
--
ALTER TABLE `dept`
  ADD PRIMARY KEY (`deptID`);

--
-- Indexes for table `emp`
--
ALTER TABLE `emp`
  ADD PRIMARY KEY (`empID`),
  ADD KEY `emp_dept_fk` (`deptID`);

--
-- Indexes for table `invoice`
--
ALTER TABLE `invoice`
  ADD PRIMARY KEY (`orderID`) USING BTREE;

--
-- Indexes for table `inwardsorder`
--
ALTER TABLE `inwardsorder`
  ADD PRIMARY KEY (`inwardsID`),
  ADD KEY `inwardsOrder_supplier_fk` (`supplierID`);

--
-- Indexes for table `inwardspart`
--
ALTER TABLE `inwardspart`
  ADD PRIMARY KEY (`inwardsID`,`partID`);

--
-- Indexes for table `log`
--
ALTER TABLE `log`
  ADD PRIMARY KEY (`logID`),
  ADD KEY `log_emp_fk` (`empID`),
  ADD KEY `log_part_fk` (`partID`);

--
-- Indexes for table `order`
--
ALTER TABLE `order`
  ADD PRIMARY KEY (`orderID`),
  ADD KEY `order_dealer_fk` (`dealerID`);

--
-- Indexes for table `orderpart`
--
ALTER TABLE `orderpart`
  ADD PRIMARY KEY (`orderID`,`partID`),
  ADD KEY `orderpart_part_fk` (`partID`);

--
-- Indexes for table `part`
--
ALTER TABLE `part`
  ADD PRIMARY KEY (`partID`),
  ADD KEY `part_category_fk` (`categoryID`);

--
-- Indexes for table `supplier`
--
ALTER TABLE `supplier`
  ADD PRIMARY KEY (`supplierID`);

--
-- Indexes for table `supplierpart`
--
ALTER TABLE `supplierpart`
  ADD PRIMARY KEY (`supplierID`,`partID`),
  ADD KEY `supplierPart_part_fk` (`partID`);

--
-- Constraints for dumped tables
--

--
-- Constraints for table `emp`
--
ALTER TABLE `emp`
  ADD CONSTRAINT `emp_dept_fk` FOREIGN KEY (`deptID`) REFERENCES `dept` (`deptID`);

--
-- Constraints for table `invoice`
--
ALTER TABLE `invoice`
  ADD CONSTRAINT `invoice_order_fk` FOREIGN KEY (`orderID`) REFERENCES `order` (`orderID`);

--
-- Constraints for table `inwardsorder`
--
ALTER TABLE `inwardsorder`
  ADD CONSTRAINT `inwardsOrder_supplier_fk` FOREIGN KEY (`supplierID`) REFERENCES `supplier` (`supplierID`);

--
-- Constraints for table `inwardspart`
--
ALTER TABLE `inwardspart`
  ADD CONSTRAINT `inwardspart_inwardsOrder_fk` FOREIGN KEY (`inwardsID`) REFERENCES `inwardsorder` (`inwardsID`);

--
-- Constraints for table `log`
--
ALTER TABLE `log`
  ADD CONSTRAINT `log_emp_fk` FOREIGN KEY (`empID`) REFERENCES `emp` (`empID`),
  ADD CONSTRAINT `log_part_fk` FOREIGN KEY (`partID`) REFERENCES `part` (`partID`);

--
-- Constraints for table `order`
--
ALTER TABLE `order`
  ADD CONSTRAINT `order_dealer_fk` FOREIGN KEY (`dealerID`) REFERENCES `dealer` (`dealerID`);

--
-- Constraints for table `orderpart`
--
ALTER TABLE `orderpart`
  ADD CONSTRAINT `orderpart_order_fk` FOREIGN KEY (`orderID`) REFERENCES `order` (`orderID`),
  ADD CONSTRAINT `orderpart_part_fk` FOREIGN KEY (`partID`) REFERENCES `part` (`partID`);

--
-- Constraints for table `part`
--
ALTER TABLE `part`
  ADD CONSTRAINT `part_category_fk` FOREIGN KEY (`categoryID`) REFERENCES `category` (`categoryID`);

--
-- Constraints for table `supplierpart`
--
ALTER TABLE `supplierpart`
  ADD CONSTRAINT `supplierPart_part_fk` FOREIGN KEY (`partID`) REFERENCES `part` (`partID`),
  ADD CONSTRAINT `supplierPart_supplier_fk` FOREIGN KEY (`supplierID`) REFERENCES `supplier` (`supplierID`);
COMMIT;

/*!40101 SET CHARACTER_SET_CLIENT=@OLD_CHARACTER_SET_CLIENT */;
/*!40101 SET CHARACTER_SET_RESULTS=@OLD_CHARACTER_SET_RESULTS */;
/*!40101 SET COLLATION_CONNECTION=@OLD_COLLATION_CONNECTION */;
